City_ID,City,Lat,Lng,Max Temp,Humidity,Cloudiness,Wind Speed,Country,Date
0,adamstown,-25.066,-130.1015,20.25,65,0,3.04,PN,1715505336
1,saudarkrokur,65.7461,-19.6394,4.6,96,100,1.6,IS,1715505336
2,mount isa,-20.7333,139.5,23.87,46,7,5.14,AU,1715505337
3,invercargill,-46.4,168.35,11.12,92,100,3.58,NZ,1715505337
4,edinburgh of the seven seas,-37.0676,-12.3116,15.54,85,100,4.98,SH,1715505338
5,prado,-17.3411,-39.2208,23.11,93,18,2.38,BR,1715505338
6,longyearbyen,78.2186,15.6401,1.91,69,40,4.63,SJ,1715505339
7,port-aux-francais,-49.35,70.2167,6.7,86,74,14.39,TF,1715505339
8,ribeira grande,38.5167,-28.7,19.32,94,40,5.14,PT,1715505340
9,waitangi,-43.9535,-176.5597,10.46,93,100,4.47,NZ,1715505341
10,margaret river,-33.95,115.0667,16.58,89,100,3.41,AU,1715505341
11,olonkinbyen,70.9221,-8.7187,-0.34,96,100,7.72,SJ,1715505342
12,bredasdorp,-34.5322,20.0403,17.25,57,6,3.47,ZA,1715505342
13,claveria,18.6074,121.0832,29.22,84,41,3.85,PH,1715505343
14,puerto natales,-51.7236,-72.4875,2.64,86,86,1.9,CL,1715505343
15,bethel,41.3712,-73.414,9.19,84,100,0.0,US,1715505344
16,wailua homesteads,22.0669,-159.378,21.24,82,100,1.54,US,1715505344
17,whitehorse,60.7161,-135.0538,5.43,48,75,7.2,CA,1715505345
18,santa barbara,34.7333,-120.0343,10.63,58,100,0.0,US,1715505195
19,pimentel,-6.8367,-79.9342,19.16,82,0,5.14,PE,1715505346
20,myrina,39.8797,25.0742,19.58,45,0,3.6,GR,1715505347
21,albany,42.6001,-73.9662,8.98,89,100,0.45,US,1715505347
22,corry,41.9203,-79.6403,8.63,98,100,4.81,US,1715505348
23,shenkursk,62.1091,42.896,0.13,86,100,4.01,RU,1715505348
24,iskateley,67.6803,53.1512,-3.88,94,100,5.36,RU,1715505349
25,vilyuchinsk,52.9306,158.4028,8.29,66,77,2.7,RU,1715505350
26,sao tome,0.3365,6.7273,27.97,81,100,1.42,ST,1715505350
27,isafjordur,66.0755,-23.124,4.02,81,100,4.12,IS,1715505351
28,isola di capo rizzuto,38.96,17.0933,23.41,35,0,2.06,IT,1715505352
29,vallenar,-28.5708,-70.7581,11.5,57,3,2.05,CL,1715505352
30,anadyr,64.75,177.4833,-1.72,86,100,1.0,RU,1715505353
31,rauco,-34.9267,-71.3187,3.23,100,0,1.03,CL,1715505354
32,sao jose da coroa grande,-8.8978,-35.1478,25.49,81,99,0.94,BR,1715505355
33,utrik,11.2278,169.8474,27.18,82,72,9.12,MH,1715505355
34,grytviken,-54.2811,-36.5092,1.8,88,93,4.63,GS,1715505356
35,immokalee,26.4187,-81.4173,23.95,96,0,0.0,US,1715505356
36,maridi,4.9158,29.4742,35.8,27,41,4.05,SS,1715505357
37,georgetown,5.4112,100.3354,32.97,61,20,4.63,MY,1715505358
38,plastun,44.7561,136.2939,9.68,86,81,0.95,RU,1715505358
39,tiksi,71.6872,128.8694,-3.75,81,100,1.81,RU,1715505359
40,luganville,-15.5333,167.1667,25.38,80,100,7.81,VU,1715505359
41,ketchikan,55.3422,-131.6461,9.26,87,100,5.14,US,1715505181
42,mahanoro,-19.9,48.8,25.36,72,98,1.91,MG,1715505360
43,hamilton,39.1834,-84.5333,11.11,88,0,0.0,US,1715505361
44,codrington,-38.2667,141.9667,12.48,82,90,3.09,AU,1715505361
45,kulunda,52.566,78.9385,20.11,23,5,4.11,RU,1715505362
46,tralee,52.2704,-9.7026,13.14,94,100,2.57,IE,1715505362
47,bilibino,68.0546,166.4372,-0.58,92,86,0.79,RU,1715505363
48,fort bragg,35.139,-79.006,14.91,86,0,1.54,US,1715505363
49,hithadhoo,-0.6,73.0833,29.17,76,100,4.33,MV,1715505364
50,prachuap khiri khan,12.2167,99.75,33.92,48,100,3.87,TH,1715505365
51,ushuaia,-54.8,-68.3,2.81,65,75,9.26,AR,1715505365
52,sitka,57.0531,-135.33,6.42,87,100,2.48,US,1715505366
53,ponta delgada,37.7333,-25.6667,18.44,88,40,6.17,PT,1715505367
54,bubaque,11.2833,-15.8333,26.47,73,19,2.98,GW,1715505367
55,udachny,66.4167,112.4,-0.31,65,100,6.61,RU,1715505368
56,mulanje,-16.0316,35.5,29.1,36,0,2.27,MW,1715505368
57,kapuskasing,49.4169,-82.4331,4.0,93,20,2.06,CA,1715505369
58,holualoa,19.6228,-155.9522,21.91,81,20,2.06,US,1715505369
59,princeville,45.7668,-61.2985,3.62,94,100,3.6,CA,1715505370
60,avarua,-21.2078,-159.775,24.03,73,100,1.03,CK,1715505370
61,labuan,5.2767,115.2417,31.2,74,20,3.09,MY,1715505371
62,suva,-18.1416,178.4415,23.71,69,20,2.06,FJ,1715505371
63,santa ana,33.7456,-117.8678,16.36,85,100,1.54,US,1715505372
64,tazacorte,28.629,-17.9293,19.54,87,20,7.72,ES,1715505373
65,birjand,32.8663,59.2211,28.26,12,0,3.09,IR,1715505374
66,san rafael,-34.6177,-68.3301,5.01,64,100,3.48,AR,1715505374
67,blackmans bay,-43.0167,147.3167,13.07,90,23,3.87,AU,1715505375
68,olinda,-8.0089,-34.8553,24.85,100,20,2.06,BR,1715505375
69,burang,30.25,81.1667,7.11,61,91,4.49,CN,1715505376
70,bratsk,56.1325,101.6142,14.27,49,87,5.89,RU,1715505377
71,thompson,55.7435,-97.8558,4.09,93,100,4.12,CA,1715505377
72,fuglafjordur,62.244,-6.814,12.26,82,100,4.87,FO,1715505378
73,west island,-12.1568,96.8225,28.99,84,40,5.66,CC,1715505379
74,callao,-12.0667,-77.15,19.84,88,75,1.54,PE,1715505379
75,pisco,-13.7,-76.2167,15.03,88,79,1.03,PE,1715505380
76,mirai,-21.1953,-42.6142,19.88,84,71,1.22,BR,1715505380
77,iqaluit,63.7506,-68.5145,-8.15,79,100,9.26,CA,1715505381
78,petropavlovsk-kamchatsky,53.0452,158.6483,7.47,75,0,3.58,RU,1715505381
79,mount gambier,-37.8333,140.7667,11.3,96,56,1.29,AU,1715505287
80,byron bay,-28.65,153.6167,18.73,88,0,1.94,AU,1715505382
81,kone,-21.0595,164.8658,21.38,80,43,2.29,NC,1715505383
82,medina del campo,41.3124,-4.9141,19.88,63,73,1.22,ES,1715505383
83,saipan,15.1355,145.701,28.39,78,20,5.14,MP,1715505384
84,ardakan,32.31,54.0175,33.07,9,0,2.04,IR,1715505384
85,juan griego,11.0817,-63.9655,25.51,94,40,4.53,VE,1715505385
86,aripuana,-9.1667,-60.6333,22.76,87,96,0.73,BR,1715505386
87,stanley,54.868,-1.6985,16.96,68,0,3.09,GB,1715505387
88,port elizabeth,-33.918,25.5701,20.61,51,0,7.2,ZA,1715505387
89,puerto baquerizo moreno,-0.9,-89.6,22.86,85,97,3.8,EC,1715505388
90,punta arenas,-53.15,-70.9167,1.06,69,0,4.12,CL,1715505388
91,igarka,67.4667,86.5833,-0.55,99,65,5.81,RU,1715505389
92,dryden,49.7833,-92.7503,14.16,62,100,3.09,CA,1715505389
93,berezovo,63.9381,65.0419,0.45,100,100,3.44,RU,1715505390
94,cole harbour,44.6724,-63.4751,5.71,82,98,7.2,CA,1715505391
95,saint-philippe,-21.3585,55.7679,28.77,77,37,5.77,RE,1715505391
96,port lincoln,-34.7333,135.8667,14.68,74,12,2.01,AU,1715505392
97,kamaishi,39.2667,141.8833,15.49,94,100,4.12,JP,1715505392
98,kavaratti,10.5669,72.642,30.18,69,22,5.5,IN,1715505393
99,nova sintra,14.8667,-24.7167,23.21,83,34,8.78,CV,1715505393
100,greenville,35.6127,-77.3663,14.09,96,0,0.0,US,1715505394
101,selfoss,63.9331,-20.9971,9.47,88,100,2.55,IS,1715505394
102,san fernando,15.0286,120.6898,35.85,35,58,5.08,PH,1715505395
103,lihue,21.9789,-159.3672,21.58,83,100,1.54,US,1715505395
104,scarborough,54.2797,-0.4044,19.25,86,96,0.89,GB,1715505396
105,selkirk,50.1436,-96.8845,14.04,65,37,1.34,CA,1715505396
106,alofi,-19.0595,-169.9187,22.94,73,81,3.6,NU,1715505397
107,auki,-8.7676,160.7034,25.24,85,100,2.29,SB,1715505398
108,port alfred,-33.5906,26.891,19.54,64,4,1.79,ZA,1715505398
109,marsh harbour,26.5412,-77.0636,25.27,77,9,5.55,BS,1715505399
110,nagqu,31.5,92.0,10.7,10,100,5.13,CN,1715505399
111,lompoc,34.6391,-120.4579,12.66,96,100,0.89,US,1715505400
112,port mathurin,-19.6833,63.4167,25.54,71,70,8.97,MU,1715505400
113,santa cruz,-17.8,-63.1667,16.7,100,75,5.14,BO,1715505401
114,wagar,16.1525,36.2032,41.76,18,63,3.46,SD,1715505401
115,san juan de miraflores,-12.1629,-76.9635,18.98,83,100,1.17,PE,1715505402
116,lebu,-37.6167,-73.65,6.65,88,1,1.9,CL,1715505403
117,ust-tsilma,65.441,52.1498,-1.33,85,100,3.13,RU,1715505403
118,smara,26.7384,-11.6719,20.78,60,9,7.11,EH,1715505404
119,port augusta,-32.5,137.7667,13.86,79,0,4.41,AU,1715505404
120,namtsy,62.7161,129.6658,6.62,36,100,0.96,RU,1715505405
121,kodiak,57.79,-152.4072,2.73,87,0,2.06,US,1715505405
122,barah,13.7,30.3667,41.14,5,43,1.29,SD,1715505406
123,mount pearl,47.5166,-52.7813,2.47,97,100,7.2,CA,1715505406
124,usinsk,65.9939,57.5281,-1.07,87,93,4.47,RU,1715505407
125,afaahiti,-17.75,-149.2833,23.93,81,28,4.7,PF,1715505407
126,puerto aysen,-45.4,-72.7,-2.61,98,91,0.03,CL,1715505408
127,miyoshi,35.0833,137.0667,21.07,72,100,4.5,JP,1715505409
128,la serena,-29.9078,-71.2542,8.73,81,0,2.06,CL,1715505409
129,hadibu,12.65,54.0333,30.72,62,10,1.05,YE,1715505410
130,camana,-16.6228,-72.7111,17.86,91,100,4.33,PE,1715505410
131,lugoba,-6.45,38.3333,28.23,61,21,3.05,TZ,1715505411
132,skagen,57.7209,10.5839,12.21,80,77,4.82,DK,1715505411
133,vorgashor,67.5833,63.95,-5.11,95,40,3.18,RU,1715505412
134,salekhard,66.53,66.6019,-2.56,89,79,0.89,RU,1715505412
135,cockburn town,21.4612,-71.1419,26.07,85,0,2.6,TC,1715505413
136,chukhloma,58.7525,42.6825,6.16,39,99,3.58,RU,1715505414
137,sedan,49.6667,5.0,19.54,71,100,4.58,FR,1715505415
138,atafu village,-8.5421,-172.5159,29.61,76,100,6.58,TK,1715505415
139,ust-nera,64.5667,143.2,0.14,65,88,1.84,RU,1715505416
140,carnarvon,-24.8667,113.6333,25.52,66,91,6.12,AU,1715505416
141,taoudenni,22.6783,-3.9836,36.49,6,46,7.3,ML,1715505417
142,yellowknife,62.456,-114.3525,-1.44,84,40,3.6,CA,1715505417
143,mili,6.0815,171.735,27.75,78,100,8.34,MH,1715505418
144,shimoda,34.6667,138.95,20.61,84,92,4.03,JP,1715505419
145,aykhal,66.0,111.5,-2.46,93,100,7.05,RU,1715505419
146,lazaro cardenas,17.9583,-102.2,21.98,82,61,1.32,MX,1715505420
147,fale old settlement,-9.3852,-171.2468,29.29,75,94,5.8,TK,1715505420
148,misliyah,17.4599,42.5572,41.31,25,17,6.48,SA,1715505421
149,dudinka,69.4058,86.1778,-2.96,97,100,2.68,RU,1715505421
150,warrenton,-28.114,24.8475,22.42,15,0,1.02,ZA,1715505422
151,aasiaat,68.7098,-52.8699,-0.46,90,100,7.38,GL,1715505423
152,byala slatina,43.4667,23.9333,20.78,56,99,2.04,BG,1715505423
153,guerrero negro,27.9769,-114.0611,14.31,89,5,5.23,MX,1715505424
154,kurumkan,54.3,110.3,13.96,48,100,1.34,RU,1715505424
155,bandar abbas,27.1865,56.2808,40.99,14,18,6.17,IR,1715505425
156,haradok,55.4624,29.9816,7.06,44,73,4.76,BY,1715505425
157,santa marta,11.2408,-74.199,29.03,77,100,2.68,CO,1715505426
158,tofol,5.3248,163.0078,28.28,78,75,4.16,FM,1715505426
159,san martin,-33.081,-68.4681,7.55,54,100,6.59,AR,1715505427
160,albu kamal,34.45,40.9186,26.55,26,100,4.05,SY,1715505427
161,bac lieu,9.285,105.7244,32.21,61,13,6.5,VN,1715505428
162,mil'kovo,55.6078,37.7956,5.8,51,100,4.14,RU,1715505429
163,thames,-37.1333,175.5333,7.82,81,7,1.21,NZ,1715505429
164,enewetak,11.3474,162.3373,27.69,84,87,7.22,MH,1715505430
165,mgandu,-5.95,34.1333,24.97,49,34,3.84,TZ,1715505430
166,labrador city,52.9463,-66.9114,1.77,62,100,2.57,CA,1715505431
167,qamdo,31.1667,97.2333,13.47,16,100,6.99,CN,1715505431
168,cabo san lucas,22.8909,-109.9124,24.73,48,81,1.34,MX,1715504944
169,remire-montjoly,4.9167,-52.2667,25.02,100,75,0.51,GF,1715505432
170,udpura,24.7167,75.9667,40.72,16,1,3.49,IN,1715505433
171,purwa,26.4667,80.7833,36.01,15,6,5.12,IN,1715505433
172,segou,13.4317,-6.2157,35.44,33,57,4.1,ML,1715505434
173,college,64.8569,-147.8028,8.22,50,75,2.06,US,1715505335
174,akcaabat,41.0212,39.5715,14.93,77,75,8.75,TR,1715505435
175,kristiansund,63.1115,7.732,16.36,63,0,2.06,NO,1715505435
176,ma'rib,15.4591,45.3253,33.6,18,42,4.33,YE,1715505436
177,constantia,44.1833,28.65,16.5,71,96,7.11,RO,1715505437
178,hawaiian paradise park,19.5933,-154.9731,21.73,98,100,1.54,US,1715505437
179,magadan,59.5667,150.8,0.29,93,94,1.08,RU,1715505256
180,kununurra,-15.7667,128.7333,28.99,45,5,2.57,AU,1715505438
181,al bawiti,28.3492,28.8659,27.61,26,0,5.04,EG,1715505439
182,starodub,52.5844,32.7633,5.87,60,99,4.99,RU,1715505439
183,tamanrasset,22.785,5.5228,29.95,10,0,6.17,DZ,1715505248
184,odienne,9.51,-7.5692,29.67,57,100,2.15,CI,1715505440
185,harper,4.375,-7.7169,28.11,85,100,3.22,LR,1715505441
186,sandnessjoen,66.0217,12.6316,9.29,96,100,7.74,NO,1715505442
187,kiama,-34.6833,150.8667,16.32,96,99,2.68,AU,1715505442
188,glace bay,46.1969,-59.957,3.83,96,100,11.83,CA,1715505443
189,strathalbyn,-35.2667,138.9,15.6,89,6,1.28,AU,1715505444
190,urangan,-25.3,152.9,22.33,82,23,2.68,AU,1715505444
191,ontinyent,38.8167,-0.6167,21.29,34,14,0.65,ES,1715505445
192,puerto ayora,-0.7393,-90.3518,23.08,100,100,2.91,EC,1715505445
193,corn island,12.1694,-83.0418,28.53,79,85,6.39,NI,1715505446
194,ilulissat,69.2167,-51.1,2.01,75,100,7.72,GL,1715505446
195,male,4.1748,73.5089,32.97,70,75,4.63,MV,1715505447
196,haiku-pauwela,20.9219,-156.3051,21.69,86,0,0.89,US,1715505447
197,namdrik,5.5994,168.1028,28.26,79,100,6.87,MH,1715505448
198,st. john's,47.5649,-52.7093,2.93,97,100,7.2,CA,1715505448
199,san antonio de pale,-1.4014,5.6325,26.64,87,90,2.07,GQ,1715505449
200,taro,-8.3862,115.28,25.0,85,70,1.37,ID,1715505450
201,papatowai,-46.5619,169.4708,10.67,93,100,4.0,NZ,1715505450
202,grabouw,-34.1515,19.0151,18.04,52,7,4.94,ZA,1715505451
203,la mohammedia,36.6745,10.1563,23.61,41,0,2.37,TN,1715505452
204,jashpurnagar,22.9,84.15,37.06,17,97,4.99,IN,1715505453
205,tazovsky,67.4667,78.7,0.25,100,100,5.05,RU,1715505454
206,rabaul,-4.1967,152.1721,26.95,86,100,3.24,PG,1715505454
207,alice springs,-23.7,133.8833,16.75,39,100,3.09,AU,1715505455
208,vilhena,-12.7406,-60.1458,19.5,81,43,1.51,BR,1715505455
209,kohat,33.582,71.4493,30.04,24,0,2.64,PK,1715505456
210,dongobesh,-4.0667,35.3833,22.83,53,18,2.46,TZ,1715505456
211,san juan,-31.5375,-68.5364,9.47,41,64,5.16,AR,1715505457
212,ilam,26.9167,87.9167,18.78,83,100,0.43,NP,1715505457
213,dera bugti,29.0307,69.151,37.32,9,0,5.93,PK,1715505458
214,fort-shevchenko,44.5086,50.263,16.54,80,97,5.44,KZ,1715505458
215,vernon,50.2581,-119.2691,16.53,52,7,1.81,CA,1715505459
216,luderitz,-26.6481,15.1594,20.08,47,0,6.88,NA,1715505460
217,sisimiut,66.9395,-53.6735,1.9,74,100,6.86,GL,1715505460
218,kokopo,-4.352,152.2633,25.84,90,100,1.79,PG,1715505461
219,lerwick,60.1545,-1.1494,11.0,81,100,10.05,GB,1715505461
220,kismayo,-0.3582,42.5454,29.98,69,34,8.08,SO,1715505462
221,kruisfontein,-34.0033,24.7314,19.38,49,3,3.11,ZA,1715505462
222,narasannapeta,18.4167,84.05,33.86,57,0,9.31,IN,1715505463
223,mar del plata,-38.0023,-57.5575,11.16,66,75,3.13,AR,1715505463
224,keetmanshoop,-26.5833,18.1333,26.51,18,0,4.63,NA,1715505464
225,prince rupert,54.3161,-130.3201,7.83,90,100,2.06,CA,1715505414
226,flin flon,54.7682,-101.865,3.28,69,87,6.32,CA,1715505465
227,qaqortoq,60.7167,-46.0333,-0.06,91,86,1.03,GL,1715505198
228,minas de marcona,-15.2119,-75.1103,12.89,91,93,5.4,PE,1715505466
229,chonchi,-42.6128,-73.8092,0.62,96,30,1.43,CL,1715505467
230,egilsstadir,65.2653,-14.3948,10.95,66,20,8.75,IS,1715505467
231,eyl,7.9803,49.8164,32.46,54,18,4.41,SO,1715505468
232,dosso,13.049,3.1937,34.1,44,96,6.03,NE,1715505469
233,coquimbo,-29.9533,-71.3436,8.85,81,0,2.06,CL,1715505469
234,nuevo arraijan,8.9167,-79.7167,26.9,94,75,1.03,PA,1715505470
235,colonia,50.9333,6.95,23.58,55,0,3.09,DE,1715505367
236,rio grande,-32.035,-52.0986,17.38,82,100,7.2,BR,1715505471
237,cadillac,44.2519,-85.4012,-0.05,100,0,0.0,US,1715505181
238,port lavaca,28.615,-96.6261,27.03,91,100,4.12,US,1715505472
239,liberty lake,47.6759,-117.1182,15.79,79,0,2.06,US,1715505473
240,jayapura,-2.5333,140.7,27.66,88,95,3.17,ID,1715505473
241,karditsa,39.3656,21.9217,21.77,51,9,0.98,GR,1715505474
242,kitwe,-12.7961,28.2477,28.31,37,1,3.6,ZM,1715505474
243,yungay,-9.1383,-77.7436,13.42,86,80,1.27,PE,1715505475
244,puerto deseado,-47.7503,-65.8938,4.49,81,100,6.22,AR,1715505476
245,puerto carreno,6.189,-67.4859,26.57,82,100,1.97,CO,1715505476
246,harsud,22.1,76.7333,42.28,14,100,1.41,IN,1715505477
247,las lajitas,-24.6833,-64.25,10.14,91,37,1.86,AR,1715505478
248,usogorsk,63.4106,48.6872,-0.19,86,100,3.67,RU,1715505478
249,porto novo,6.4965,2.6036,26.06,90,100,2.78,BJ,1715505479
250,kapa'a,22.0752,-159.319,21.99,82,100,1.54,US,1715505479
251,crane,31.3974,-102.3501,18.8,90,99,4.71,US,1715505480
252,klyuchi,52.2667,79.1667,20.19,24,3,3.5,RU,1715505480
253,emerald,-23.5333,148.1667,24.56,49,42,3.64,AU,1715505482
254,zapolyarnyy,69.4154,30.8136,4.6,90,100,4.04,RU,1715505482
255,la'ie,21.6477,-157.9253,21.98,93,26,0.89,US,1715505483
256,praia da vitoria,38.7333,-27.0667,18.75,88,20,2.99,PT,1715505484
257,matoury,4.8483,-52.3317,24.98,100,75,0.51,GF,1715505485
258,vadso,70.0744,29.7487,6.09,65,40,3.09,NO,1715505486
259,khovd,48.0056,91.6419,28.05,12,100,5.67,MN,1715505486
260,port isabel,26.0734,-97.2086,28.02,86,75,2.06,US,1715505487
261,port blair,11.6667,92.75,32.02,70,40,3.6,IN,1715505487
262,bamyan,34.75,67.25,12.57,17,0,3.27,AF,1715505488
263,port sudan,19.6175,37.2164,33.68,51,5,4.35,SD,1715505488
264,polyarnyy,69.1989,33.4478,0.3,95,49,1.26,RU,1715505489
265,flying fish cove,-10.4217,105.6791,26.82,89,100,4.63,CX,1715505489
266,lom sak,16.7798,101.2422,38.94,25,20,1.03,TH,1715505490
267,timimoun,29.2639,0.231,30.21,13,0,5.14,DZ,1715505490
268,tura,25.5198,90.2201,29.93,54,99,2.08,IN,1715505492
269,masjed soleyman,31.9364,49.3039,37.31,10,17,3.7,IR,1715505492
270,jamestown,42.097,-79.2353,8.9,99,100,3.09,US,1715505493
271,khandyga,62.6667,135.6,5.75,49,99,2.33,RU,1715505493
272,al jawf,29.5,38.75,29.48,20,9,3.4,SA,1715505494
273,illizi,26.4833,8.4667,28.89,16,2,8.44,DZ,1715505494
274,kamenka,51.3223,42.7678,10.91,50,78,7.31,RU,1715505495
275,ar rutbah,33.0381,40.2848,27.03,15,100,8.45,IQ,1715505495
276,vorkuta,67.5,64.0,-4.94,95,48,2.68,RU,1715505496
277,anshun,26.25,105.9333,15.7,79,100,5.88,CN,1715505496
278,durban,-29.8579,31.0292,21.51,81,100,3.99,ZA,1715505497
279,lubao,14.9167,120.55,35.84,38,35,4.49,PH,1715505498
280,narimanov,46.6927,47.8498,21.95,41,100,7.87,RU,1715505498
281,al 'amarah,31.8406,47.1396,40.98,11,1,7.81,IQ,1715505499
282,nar'yan-mar,67.6713,53.087,-3.83,94,100,5.36,RU,1715505500
283,kailua-kona,19.6406,-155.9956,23.98,81,20,2.06,US,1715505218
284,touros,-5.1989,-35.4608,25.48,91,64,3.65,BR,1715505501
285,linfen,36.0889,111.5189,30.69,9,0,3.08,CN,1715505501
286,harnosand,62.6323,17.9379,11.0,68,96,5.34,SE,1715505502
287,talcahuano,-36.7167,-73.1167,2.82,100,20,2.57,CL,1715505502
288,joao pinheiro,-17.7425,-46.1725,17.6,71,0,0.87,BR,1715505503
289,vila franca do campo,37.7167,-25.4333,18.27,99,58,2.21,PT,1715505503
290,agadez,19.75,10.25,33.68,13,95,5.44,NE,1715505504
291,yarmouth,41.7057,-70.2286,7.2,93,0,1.34,US,1715505504
292,yuzhno-kurilsk,44.0306,145.8556,8.54,96,100,7.64,RU,1715505505
293,saint-louis,16.3333,-15.0,35.08,13,53,3.95,SN,1715505506
294,sabha,27.0377,14.4283,26.19,24,4,4.34,LY,1715505507
295,zaozersk,69.4005,32.4476,1.91,95,98,1.97,RU,1715505508
296,griffith,41.5284,-87.4237,12.16,95,0,0.0,US,1715505508
297,badger,64.8,-147.5333,7.62,56,0,2.06,US,1715505509
298,maysville,38.6412,-83.7444,11.34,76,0,0.0,US,1715505509
299,tirumullaivasal,11.2333,79.8333,33.6,55,100,6.18,IN,1715505510
300,rongelap,11.1635,166.8941,27.34,84,93,7.37,MH,1715505510
301,susuman,62.7833,148.1667,3.32,69,97,5.36,RU,1715505511
302,jabal os saraj,35.1183,69.2378,21.64,24,0,2.8,AF,1715505511
303,hammerfest,70.6634,23.6821,5.25,93,75,3.6,NO,1715505512
304,rikaze,29.25,88.8833,19.21,13,98,2.78,CN,1715505512
305,quellon,-43.1167,-73.6167,3.67,87,19,1.75,CL,1715505513
306,daru,-9.0763,143.2092,26.68,85,87,6.04,PG,1715505513
307,porto franco,-6.3383,-47.3992,20.99,77,9,0.91,BR,1715505514
308,san pedro,14.35,121.0167,34.64,66,20,5.81,PH,1715505515
309,san felipe,10.3399,-68.7425,22.44,92,98,0.76,VE,1715505515
310,nadi,-17.8,177.4167,23.0,68,40,5.14,FJ,1715505516
311,karratha,-20.7377,116.8463,27.09,55,16,5.59,AU,1715505516
312,bonthe,7.5264,-12.505,29.54,74,99,1.23,SL,1715505517
313,happy valley-goose bay,53.3168,-60.3315,1.17,86,75,1.54,CA,1715505517
314,tuchow,49.8949,21.0541,16.47,55,16,3.65,PL,1715505518
315,kolonia town,6.964,158.206,28.59,77,99,6.03,FM,1715505518
316,tindouf,27.6711,-8.1474,28.25,34,0,2.57,DZ,1715505519
317,manteno,41.2506,-87.8314,10.67,100,0,1.54,US,1715505519
318,kuta,-8.7233,115.1723,28.97,83,20,5.81,ID,1715505520
319,verkhotur'ye,58.8627,60.8054,8.15,72,100,5.12,RU,1715505521
320,poxoreo,-15.8372,-54.3892,18.02,80,0,1.36,BR,1715505521
321,namibe,-15.1961,12.1522,25.7,66,0,2.0,AO,1715505522
322,forrest city,35.0081,-90.7898,17.45,73,100,2.28,US,1715505522
323,choyr,46.3611,108.3611,24.79,11,70,7.12,MN,1715505523
324,carutapera,-1.195,-46.02,23.77,95,100,1.22,BR,1715505524
325,ust'-ilimsk,58.0006,102.6619,13.58,29,13,5.81,RU,1715505524
326,kingston,17.997,-76.7936,27.53,83,20,2.57,JM,1715505525
327,howard springs,-12.497,131.047,29.99,71,81,0.82,AU,1715505525
328,pirgaaj,25.8604,88.3635,33.77,42,77,3.19,BD,1715505527
329,tual,-5.6667,132.75,28.33,81,100,8.62,ID,1715505527
330,brookings,44.3114,-96.7984,15.19,61,0,3.09,US,1715505528
331,suileng,47.25,127.0833,14.01,54,94,3.86,CN,1715505528
332,strathmore,51.0501,-113.3852,11.31,76,44,5.14,CA,1715505529
333,talnakh,69.4865,88.3972,-3.22,98,100,3.46,RU,1715505529
334,saldanha,-33.0117,17.9442,16.29,61,5,5.62,ZA,1715505530
335,cofradia,15.4,-88.15,28.29,93,100,1.04,HN,1715505530
336,hanceville,34.0607,-86.7675,15.09,89,59,0.95,US,1715505531
337,zaragoza,41.6561,-0.8773,21.36,43,0,1.03,ES,1715505532
338,puerto real,36.5282,-6.1901,22.92,77,0,3.09,ES,1715505532
339,kampong thom,12.7111,104.8887,34.4,48,93,2.39,KH,1715505533
340,pacific grove,36.6177,-121.9166,14.12,92,100,2.68,US,1715505360
341,kourou,5.1552,-52.6478,25.03,93,100,3.11,GF,1715505534
342,valley center,33.2184,-117.0342,14.55,92,0,0.44,US,1715505534
343,ratnagiri,16.9833,73.3,31.79,64,20,6.93,IN,1715505535
344,toliara,-23.35,43.6667,29.42,43,0,4.68,MG,1715505535
345,ceeldheer,3.8488,47.1806,32.55,56,80,4.45,SO,1715505536
346,feijo,-8.1642,-70.3536,23.07,90,51,0.63,BR,1715505536
347,gamba,-2.65,10.0,27.89,85,100,1.99,GA,1715505537
348,portland,45.5234,-122.6762,16.81,73,0,1.54,US,1715504836
349,acarau,-2.8856,-40.12,24.83,89,41,3.93,BR,1715505538
350,ciudad melchor muzquiz,27.8833,-101.5167,23.54,91,69,3.33,MX,1715505539
351,kande,9.9578,1.0447,30.17,52,100,1.42,TG,1715505539
352,tolanaro,-25.0319,46.9987,27.6,55,0,5.0,MG,1715505540
353,machico,32.7,-16.7667,21.51,70,40,6.69,PT,1715505540
354,lobujya,27.95,86.8167,-0.57,96,100,2.52,NP,1715505541
355,ankang,32.68,109.0172,29.51,32,96,0.7,CN,1715505541
356,riachao das neves,-11.7461,-44.91,21.58,68,82,0.48,BR,1715505542
357,hegang,47.4,130.3667,9.67,68,100,3.88,CN,1715505543
358,narasaraopet,16.25,80.0667,39.07,31,65,3.82,IN,1715505543
359,bayindir,38.2174,27.6474,21.75,50,79,5.24,TR,1715505544
360,nelson bay,-32.7167,152.15,17.22,93,12,3.57,AU,1715505545
361,pereval's'k,48.4378,38.8438,13.82,38,12,6.17,UA,1715505545
362,sydney,-33.8679,151.2073,16.3,87,75,4.63,AU,1715504759
363,nueva esperanza,15.2667,-87.6,26.79,87,100,0.9,HN,1715505546
364,motygino,58.1831,94.7592,14.32,29,82,4.47,RU,1715505548
365,camaguey,21.3808,-77.9169,23.19,94,21,1.03,CU,1715505548
366,dunedin,-45.8742,170.5036,11.56,78,81,3.58,NZ,1715505430
367,howrah,22.5892,88.3103,33.0,58,40,2.06,IN,1715505549
368,margate,51.3813,1.3862,19.39,84,100,4.15,GB,1715505550
369,bowen,-20.0167,148.2333,23.28,80,4,6.07,AU,1715505550
370,kill devil hills,36.0307,-75.676,16.01,82,40,7.2,US,1715505551
371,cestos city,5.46,-9.5828,28.84,77,100,2.44,LR,1715505551
372,zhangjiakou,40.81,114.8794,23.14,12,0,4.95,CN,1715505552
373,cadale,2.7603,46.3222,30.24,69,31,8.89,SO,1715505553
374,katsuren-haebaru,26.3369,127.8719,27.43,82,20,5.66,JP,1715505553
375,yelovo,57.0538,54.9207,4.82,58,100,6.94,RU,1715505554
376,peace river,56.2501,-117.286,10.17,46,100,1.54,CA,1715505555
377,sao joao da barra,-21.6403,-41.0511,23.57,86,0,3.24,BR,1715505555
378,masterton,-40.9597,175.6575,10.06,87,77,0.8,NZ,1715505556
379,camapua,-19.5314,-54.0439,18.31,64,0,0.81,BR,1715505556
380,kargasok,59.0556,80.8572,16.09,27,71,5.81,RU,1715505557
381,tyuratam,45.6507,63.3156,27.3,14,4,6.62,KZ,1715505558
382,suoyarvi,62.0833,32.35,4.74,61,100,3.21,RU,1715505558
383,togur,58.3631,82.8265,13.97,35,79,4.92,RU,1715505559
384,gladstone,-23.85,151.25,22.66,78,3,1.03,AU,1715505552
385,chibougamau,49.9168,-74.3659,7.79,66,100,2.06,CA,1715505560
386,galliano,29.4422,-90.2992,23.0,68,0,2.06,US,1715505560
387,justo daract,-33.8594,-65.1828,6.69,84,93,3.85,AR,1715505561
388,kimbe,-5.5502,150.1429,26.13,92,100,1.46,PG,1715505561
389,sinop,41.7711,34.8709,15.2,51,96,4.0,TR,1715505562
390,mirny,62.5353,113.9611,-0.43,74,100,3.58,RU,1715505563
391,santa terezinha,-29.9002,-50.0904,20.58,98,100,6.38,BR,1715505563
392,marica,-22.9194,-42.8186,22.95,72,0,2.35,BR,1715505564
393,shingu,33.7333,135.9833,18.54,92,100,1.69,JP,1715505564
394,kurchatov,51.6601,35.6521,9.42,63,71,4.45,RU,1715505565
395,nemuro,43.3236,145.575,8.6,94,100,9.58,JP,1715505565
396,darwin,-12.4611,130.8418,30.99,53,0,3.6,AU,1715504840
397,oroqen zizhiqi,50.5667,123.7167,15.63,17,22,4.38,CN,1715505566
398,big spring,32.2504,-101.4787,16.25,89,100,3.6,US,1715505567
399,arraial do cabo,-22.9661,-42.0278,22.92,88,0,1.03,BR,1715505567
400,broome,42.2506,-75.833,9.26,91,100,4.47,US,1715505568
401,gobabis,-22.45,18.9667,26.59,14,1,7.08,NA,1715505568
402,itambe,-15.245,-40.6244,20.52,99,69,0.36,BR,1715505569
403,camalu,30.85,-116.0667,13.41,95,49,2.43,MX,1715505570
404,ares,-6.1944,-35.1603,25.05,91,100,2.89,BR,1715505570
405,bandarbeyla,9.4942,50.8122,31.15,60,9,4.66,SO,1715505571
406,st. paul,44.9444,-93.0933,17.86,50,0,2.06,US,1715505368
407,sao vicente,-23.9631,-46.3919,26.82,26,2,3.93,BR,1715505572
408,jiayuguan,39.8167,98.3,29.12,6,0,9.15,CN,1715505572
409,vuktyl,63.8567,57.3094,-2.16,99,100,0.89,RU,1715505573
410,freetown,8.484,-13.2299,29.35,77,92,1.58,SL,1715505573
411,sumbawa besar,-8.5,117.4333,29.33,76,79,1.8,ID,1715505574
412,colachel,8.1667,77.25,32.1,62,86,3.01,IN,1715505575
413,hermanus,-34.4187,19.2345,18.78,61,6,5.77,ZA,1715505576
414,vavuniya,8.7514,80.4971,33.31,54,96,0.73,LK,1715505576
415,bardai,11.65,7.2333,30.75,44,100,4.81,NG,1715505577
416,cill airne,52.05,-9.5167,13.03,94,100,2.57,IE,1715505577
417,yingkou,40.6648,122.2283,15.19,57,28,7.33,CN,1715505578
418,sittwe,20.15,92.9,30.81,58,4,6.63,MM,1715505578
419,correntina,-13.3433,-44.6367,19.42,76,32,0.45,BR,1715505579
420,tshabong,-26.05,22.45,27.66,15,0,2.59,BW,1715505579
421,marsa alam,25.0757,34.8918,29.48,44,0,8.72,EG,1715505580
422,staunton,38.1496,-79.0717,7.93,96,0,0.0,US,1715505580
423,ust'-kut,56.7938,105.7672,10.24,82,100,5.81,RU,1715505581
424,joal-fadiout,14.1667,-16.8333,24.59,71,13,4.27,SN,1715505582
425,rawson,-43.3002,-65.1023,5.56,72,51,1.56,AR,1715505582
426,assab,13.0092,42.7394,33.12,55,100,10.09,ER,1715505583
427,el abiodh sidi cheikh,32.893,0.5484,26.82,18,100,4.49,DZ,1715505583
428,antofagasta,-23.65,-70.4,14.6,88,100,2.24,CL,1715505584
429,kaduy,59.2,37.15,7.68,35,98,3.39,RU,1715505584
430,madaba,31.5833,35.6667,21.5,52,61,2.08,JO,1715505585
431,alo,7.4178,6.7371,26.8,81,100,0.81,NG,1715505585
432,babolsar,36.7025,52.6576,32.18,63,50,2.2,IR,1715505586
433,thinadhoo,0.5333,72.9333,28.99,77,60,5.24,MV,1715505586
434,lepsy,46.235,78.9456,20.91,40,100,6.07,KZ,1715505587
435,jiehu,35.5428,118.455,26.72,17,0,4.09,CN,1715505588
436,muriti,-1.9833,32.9167,24.24,70,11,3.4,TZ,1715505588
437,progreso,21.2833,-89.6667,27.28,86,44,5.09,MX,1715505589
438,agartala,23.8364,91.275,34.01,52,40,0.0,IN,1715505589
439,revda,56.801,59.9303,5.26,94,100,4.76,RU,1715505590
440,turpan,42.9333,89.1667,40.69,5,3,3.0,CN,1715505590
441,bikenibeu village,1.3673,173.1241,28.98,84,75,2.57,KI,1715505591
442,isangel,-19.55,169.2667,21.06,88,40,4.12,VU,1715505591
443,port hedland,-20.3167,118.5667,28.03,54,2,7.2,AU,1715505592
444,manacapuru,-3.2997,-60.6206,26.0,88,100,1.03,BR,1715505592
445,kiunga,-6.1219,141.2906,24.75,98,100,1.49,PG,1715505593
446,zhoucun,36.8167,117.8167,27.14,15,0,5.05,CN,1715505594
447,kharsia,21.9667,83.1167,43.05,13,1,3.96,IN,1715505594
448,demmin,53.9076,13.0314,15.21,56,6,4.59,DE,1715505595
449,xianyang,34.3378,108.7026,30.58,26,0,4.0,CN,1715505596
450,tyukalinsk,55.8732,72.1967,17.63,43,78,7.92,RU,1715505596
451,la passe,45.5549,-0.8967,17.21,82,100,5.43,FR,1715505597
452,puri,19.8,85.85,34.05,74,1,6.25,IN,1715505597
453,tupaciguara,-18.5922,-48.705,16.45,69,0,1.3,BR,1715505598
454,gadzhiyevo,69.2551,33.3362,0.57,96,29,1.88,RU,1715505598
455,benton,36.3334,-94.3335,15.95,88,0,0.0,US,1715505599
456,okahandja,-21.9833,16.9167,27.29,15,21,6.73,NA,1715505600
457,khanty-mansiysk,61.0042,69.0019,14.06,38,0,8.94,RU,1715505600
458,popondetta,-8.7537,148.2534,24.44,98,99,0.81,PG,1715505601
459,buka,40.8108,69.1986,24.56,35,49,1.74,UZ,1715505601
460,cananeia,-25.0147,-47.9267,21.15,92,10,1.52,BR,1715505602
461,mirebalais,18.8333,-72.1053,23.81,91,0,1.31,HT,1715505603
462,vanimo,-2.6741,141.3028,27.39,90,85,4.07,PG,1715505603
463,saint-pourcain-sur-sioule,46.3093,3.2879,22.17,68,100,2.06,FR,1715505604
464,orsa,54.5153,30.4053,9.4,52,76,6.02,BY,1715505604
465,baihe,22.15,107.2333,30.8,61,77,0.88,CN,1715505605
466,point pedro,9.8167,80.2333,31.71,66,99,3.61,LK,1715505606
467,manicore,-5.8092,-61.3003,23.37,99,97,0.34,BR,1715505606
468,boyolangu,-8.1181,111.8935,26.84,84,49,2.91,ID,1715505607
469,merizo village,13.2658,144.6691,28.32,85,59,5.98,GU,1715505607
470,gassol,8.5333,10.4667,32.27,58,73,4.39,NG,1715505608
471,papao,-17.75,-149.55,24.82,77,0,5.59,PF,1715505608
472,retreat,38.8245,-85.8533,10.81,97,23,0.83,US,1715505609
473,karayazi,39.7028,42.1456,12.39,54,9,8.07,TR,1715505609
474,chui,-33.6971,-53.4616,15.38,71,100,4.13,UY,1715505610
475,sakaiminato,35.55,133.2333,18.99,88,75,1.54,JP,1715505611
476,madison,34.7334,-86.5667,13.95,89,0,0.0,US,1715505611
477,kualakapuas,-3.0091,114.3876,26.36,87,100,0.62,ID,1715505612
478,ad dabbah,18.05,30.95,42.71,5,94,6.09,SD,1715505613
479,thulamahashi,-24.7246,31.1994,22.54,64,99,2.68,ZA,1715505613
480,azadshahr,34.7909,48.5707,25.27,29,20,7.2,IR,1715505614
481,hualien city,23.9769,121.6044,27.76,87,74,1.14,TW,1715505614
482,fall river,41.7015,-71.1551,6.41,94,20,0.0,US,1715505370
483,uvel'skiy,54.4446,61.3574,19.35,32,48,9.96,RU,1715505615
484,nyagan,62.1406,65.3936,1.95,78,100,3.22,RU,1715505616
485,oranjemund,-28.55,16.4333,16.96,60,0,4.29,NA,1715505616
486,nizhneudinsk,54.9076,99.0276,15.44,34,98,6.3,RU,1715505617
487,elliot lake,46.3834,-82.6331,2.7,96,0,0.83,CA,1715505618
488,mount hagen,-5.8581,144.2274,18.42,94,75,4.12,PG,1715505618
489,aguadilla,18.4275,-67.1541,26.42,92,0,0.45,PR,1715505619
490,lalibela,12.0333,39.0333,27.04,28,99,1.44,ET,1715505619
491,jawf al maqbabah,13.8378,45.8349,32.57,27,24,2.78,YE,1715505620
492,fontenay-le-comte,46.5833,-1.0,17.8,85,100,5.16,FR,1715505620
493,souillac,-20.5167,57.5167,27.97,83,75,6.69,MU,1715505621
494,tandil,-37.3217,-59.1332,4.9,75,31,2.56,AR,1715505621
495,trairi,-3.2778,-39.2689,24.43,91,13,3.03,BR,1715505622
496,louga,58.7372,29.8453,10.92,37,6,3.35,RU,1715505623
497,manturovo,58.3353,44.7619,-0.68,65,100,3.44,RU,1715505623
498,paita,-5.0892,-81.1144,19.69,82,100,5.6,PE,1715505624
499,ak-dovurak,51.1833,90.6,13.95,60,100,3.58,RU,1715505624
500,leava,-14.3,-178.1667,27.97,77,100,12.39,WF,1715505625
501,mantua,45.1667,10.7833,24.49,56,93,2.24,IT,1715505625
502,mersa matruh,31.3525,27.2453,21.64,60,5,8.24,EG,1715505626
503,uturoa,-16.7333,-151.4333,27.54,73,2,6.71,PF,1715505626
504,kayangel,8.0823,134.7173,28.98,81,6,6.49,PW,1715505627
505,fort st. john,56.2499,-120.8529,9.94,46,100,2.57,CA,1715505379
506,chinde,26.8418,88.0763,17.17,88,100,0.28,NP,1715505628
507,camocim,-2.9022,-40.8411,23.91,89,74,3.68,BR,1715505629
508,le moule,16.3332,-61.3473,26.02,76,11,4.13,GP,1715505629
509,saint-pierre,-21.3393,55.4781,28.82,61,0,8.75,RE,1715505630
510,ust'-kulom,61.6864,53.6902,2.49,72,100,4.56,RU,1715505630
511,kisangani,0.5167,25.2,34.36,46,74,1.23,CD,1715505631
512,vila velha,-20.3297,-40.2925,21.97,100,0,1.03,BR,1715505631
513,pyu,18.4833,96.4333,40.68,24,56,2.44,MM,1715505632
514,dembi dolo,8.5333,34.8,29.85,30,9,1.1,ET,1715505633
515,stornoway,58.2093,-6.3865,17.43,75,0,1.54,GB,1715505633
516,sumbe,-11.2061,13.8437,28.47,68,7,2.31,AO,1715505634
517,guarapari,-20.6667,-40.4975,22.44,82,3,1.49,BR,1715505634
518,mendefera,14.8872,38.8153,28.39,29,62,2.78,ER,1715505635
519,priyutnoye,46.1011,43.5072,16.92,58,100,6.14,RU,1715505635
520,tawau,4.2498,117.8871,31.07,68,46,3.54,MY,1715505636
521,boca suno,-0.7167,-77.1333,21.83,99,98,0.57,EC,1715505636
522,muynoq,43.7683,59.0214,29.22,18,100,10.79,UZ,1715505637
523,akureyri,65.6835,-18.0878,3.96,100,100,2.57,IS,1715505637
524,totness,5.8833,-56.3167,25.32,91,100,3.41,SR,1715505638
525,arinos,-15.9169,-46.1056,17.83,76,32,0.75,BR,1715505638
526,smithers,54.7804,-127.1743,8.18,76,0,1.54,CA,1715505639
527,masvingo,-20.0637,30.8277,24.78,26,0,4.57,ZW,1715505640
528,mugia,43.1041,-9.2179,15.51,84,91,1.81,ES,1715505640
529,waingapu,-9.6567,120.2641,28.04,70,17,5.99,ID,1715505641
530,leon,21.1167,-101.6667,21.15,40,0,0.32,MX,1715505482
531,harnai,30.1005,67.9374,31.3,7,0,2.18,PK,1715505642
532,yorkton,51.2167,-102.4677,5.91,65,20,3.6,CA,1715505642
533,east london,-33.0153,27.9116,20.52,40,0,4.12,ZA,1715505643
534,conduaga,8.862,117.4893,30.59,69,76,2.28,PH,1715505644
535,kiruna,67.8557,20.2251,5.51,70,20,2.06,SE,1715505644
536,pago pago,-14.2781,-170.7025,26.55,89,100,10.29,AS,1715505645
537,al ghayzah,16.2079,52.176,33.76,47,4,5.23,YE,1715505645
538,dolbeau-mistassini,48.8763,-72.212,0.26,85,15,2.55,CA,1715505646
539,mutoko,-17.397,32.2268,25.5,34,0,3.35,ZW,1715505646
540,axim,4.8699,-2.2405,29.46,75,90,3.5,GH,1715505647
541,grand gaube,-20.0064,57.6608,27.99,77,21,3.58,MU,1715505648
542,bria,6.5423,21.9863,34.68,37,99,2.81,CF,1715505648
543,bondo,3.8146,23.6866,35.77,35,10,1.78,CD,1715505649
544,charleston,32.7766,-79.9309,18.34,93,0,3.6,US,1715505650
545,mao,39.8885,4.2658,22.31,49,0,3.6,ES,1715505650
546,alampur,15.8833,78.15,38.49,25,67,1.79,IN,1715505651
547,batticaloa,7.7102,81.6924,31.5,67,85,5.58,LK,1715505616
548,zyryanovsk,49.7386,84.2719,16.14,65,97,1.08,KZ,1715505652
549,strezhevoy,60.7333,77.5889,14.98,40,98,6.71,RU,1715505652
550,calabozo,8.9242,-67.4293,26.38,79,98,1.81,VE,1715505653
551,ola,59.5833,151.2833,0.63,92,94,2.01,RU,1715505653
552,mweka,-4.85,21.5667,31.92,50,21,1.7,CD,1715505654
553,douentza,14.9951,-2.9517,36.24,33,99,8.17,ML,1715505654
554,el fasher,13.6279,25.3494,38.87,4,90,5.32,SD,1715505655
555,augusta,48.3667,10.8833,20.86,48,0,5.14,DE,1715505656
556,puerto santa,-8.9906,-78.6456,17.99,91,100,2.7,PE,1715505656
557,wum,6.3833,10.0667,25.81,71,93,0.72,CM,1715505657
558,antsiranana,-12.2787,49.2917,31.42,51,40,7.2,MG,1715505658
559,sinan,34.8262,126.1086,16.06,73,100,9.99,KR,1715505658
560,roma,43.2128,-75.4557,10.06,90,100,3.09,US,1715505621
561,guatrache,-37.6678,-63.5302,6.16,69,99,2.09,AR,1715505659
562,newman,37.3138,-121.0208,19.05,77,0,0.89,US,1715505660
